year,stock,capture,effort
1950,Anadara granosa,200,274592204.9
1950,Auxis thazard,60996,274592204.9
1950,Caesionidae,500,274592204.9
1950,Caranx spp,300,274592204.9
1950,Cephalopholis boenak,1300,274592204.9
1950,Chirocentrus spp,2400,274592204.9
1950,Decapterus spp,3200,274592204.9
1950,Dussumieria acuta,100,274592204.9
1950,Elagatis bipinnulata,100,274592204.9
1950,Lactarius lactarius,500,274592204.9
1950,Megalaspis cordyla,42,274592204.9
1950,Mene maculata,2200,274592204.9
1950,Metapenaeus spp,350,274592204.9
1950,Pampus argenteus,900,274592204.9
1950,Parastromateus niger,700,274592204.9
1950,Plectropomus leopardus,9050,274592204.9
1950,Portunus pelagicus,333,274592204.9
1950,Scomberoides spp,100,274592204.9
1950,Scomberomorus commerson,2400,274592204.9
1950,Scomberomorus spp,1700,274592204.9
1950,Scylla serrata,100,274592204.9
1950,Selaroides leptolepis,19800,274592204.9
1950,Siganus spp,833.3333333,274592204.9
1950,Sillaginidae,100,274592204.9
1950,Sphyraena barracuda,100,274592204.9
1950,Tylosurus spp,3866.666667,274592204.9
1950,Upeneus spp,300,274592204.9
1951,Anadara granosa,200,304145869.1
1951,Auxis thazard,60996,304145869.1
1951,Caesionidae,2800,304145869.1
1951,Caranx spp,1300,304145869.1
1951,Cephalopholis boenak,6600,304145869.1
1951,Chirocentrus spp,6900,304145869.1
1951,Decapterus spp,16700,304145869.1
1951,Dussumieria acuta,300,304145869.1
1951,Elagatis bipinnulata,100,304145869.1
1951,Lactarius lactarius,500,304145869.1
1951,Megalaspis cordyla,12844,304145869.1
1951,Mene maculata,2200,304145869.1
1951,Metapenaeus spp,1450,304145869.1
1951,Pampus argenteus,4600,304145869.1
1951,Parastromateus niger,3900,304145869.1
1951,Plectropomus leopardus,9050,304145869.1
1951,Portunus pelagicus,100,304145869.1
1951,Scomberoides spp,200,304145869.1
1951,Scomberomorus commerson,11100,304145869.1
1951,Scomberomorus spp,1400,304145869.1
1951,Scylla serrata,500,304145869.1
1951,Selaroides leptolepis,19800,304145869.1
1951,Siganus spp,833.3333333,304145869.1
1951,Sillaginidae,100,304145869.1
1951,Sphyraena barracuda,500,304145869.1
1951,Tylosurus spp,3866.666667,304145869.1
1951,Upeneus spp,1400,304145869.1
1952,Anadara granosa,200,341768128.7
1952,Auxis thazard,60996,341768128.7
1952,Caesionidae,3200,341768128.7
1952,Caranx spp,1400,341768128.7
1952,Cephalopholis boenak,7500,341768128.7
1952,Chirocentrus spp,8300,341768128.7
1952,Decapterus spp,18800,341768128.7
1952,Dussumieria acuta,300,341768128.7
1952,Elagatis bipinnulata,100,341768128.7
1952,Lactarius lactarius,300,341768128.7
1952,Megalaspis cordyla,8847,341768128.7
1952,Mene maculata,2200,341768128.7
1952,Metapenaeus spp,1660,341768128.7
1952,Pampus argenteus,5200,341768128.7
1952,Parastromateus niger,4300,341768128.7
1952,Plectropomus leopardus,9050,341768128.7
1952,Portunus pelagicus,400,341768128.7
1952,Scomberoides spp,300,341768128.7
1952,Scomberomorus commerson,12500,341768128.7
1952,Scomberomorus spp,1400,341768128.7
1952,Scylla serrata,500,341768128.7
1952,Selaroides leptolepis,19800,341768128.7
1952,Siganus spp,833.3333333,341768128.7
1952,Sillaginidae,200,341768128.7
1952,Sphyraena barracuda,500,341768128.7
1952,Tylosurus spp,3866.666667,341768128.7
1952,Upeneus spp,1500,341768128.7
1953,Anadara granosa,200,349564339.4
1953,Auxis thazard,60996,349564339.4
1953,Caesionidae,3300,349564339.4
1953,Caranx spp,1600,349564339.4
1953,Cephalopholis boenak,7700,349564339.4
1953,Chirocentrus spp,8500,349564339.4
1953,Decapterus spp,19300,349564339.4
1953,Dussumieria acuta,300,349564339.4
1953,Elagatis bipinnulata,100,349564339.4
1953,Lactarius lactarius,200,349564339.4
1953,Megalaspis cordyla,16050,349564339.4
1953,Mene maculata,2200,349564339.4
1953,Metapenaeus spp,1690,349564339.4
1953,Pampus argenteus,5400,349564339.4
1953,Parastromateus niger,4500,349564339.4
1953,Plectropomus leopardus,9050,349564339.4
1953,Portunus pelagicus,500,349564339.4
1953,Scomberoides spp,300,349564339.4
1953,Scomberomorus commerson,13200,349564339.4
1953,Scomberomorus spp,1400,349564339.4
1953,Scylla serrata,600,349564339.4
1953,Selaroides leptolepis,19800,349564339.4
1953,Siganus spp,833.3333333,349564339.4
1953,Sillaginidae,200,349564339.4
1953,Sphyraena barracuda,500,349564339.4
1953,Tylosurus spp,3866.666667,349564339.4
1953,Upeneus spp,1600,349564339.4
1954,Anadara granosa,300,383662256.5
1954,Auxis thazard,60996,383662256.5
1954,Caesionidae,3500,383662256.5
1954,Caranx spp,1700,383662256.5
1954,Cephalopholis boenak,8200,383662256.5
1954,Chirocentrus spp,8700,383662256.5
1954,Decapterus spp,20700,383662256.5
1954,Dussumieria acuta,300,383662256.5
1954,Elagatis bipinnulata,100,383662256.5
1954,Lactarius lactarius,200,383662256.5
1954,Megalaspis cordyla,18453,383662256.5
1954,Mene maculata,2200,383662256.5
1954,Metapenaeus spp,1790,383662256.5
1954,Pampus argenteus,5700,383662256.5
1954,Parastromateus niger,4800,383662256.5
1954,Plectropomus leopardus,9050,383662256.5
1954,Portunus pelagicus,400,383662256.5
1954,Scomberoides spp,300,383662256.5
1954,Scomberomorus commerson,14000,383662256.5
1954,Scomberomorus spp,1400,383662256.5
1954,Scylla serrata,600,383662256.5
1954,Selaroides leptolepis,19800,383662256.5
1954,Siganus spp,833.3333333,383662256.5
1954,Sillaginidae,100,383662256.5
1954,Sphyraena barracuda,600,383662256.5
1954,Tylosurus spp,3866.666667,383662256.5
1954,Upeneus spp,1700,383662256.5
1955,Anadara granosa,300,389875693.1
1955,Auxis thazard,60996,389875693.1
1955,Caesionidae,3600,389875693.1
1955,Caranx spp,1700,389875693.1
1955,Cephalopholis boenak,8400,389875693.1
1955,Chirocentrus spp,8600,389875693.1
1955,Decapterus spp,21200,389875693.1
1955,Dussumieria acuta,300,389875693.1
1955,Elagatis bipinnulata,100,389875693.1
1955,Lactarius lactarius,200,389875693.1
1955,Megalaspis cordyla,21356,389875693.1
1955,Mene maculata,2200,389875693.1
1955,Metapenaeus spp,1910,389875693.1
1955,Pampus argenteus,5900,389875693.1
1955,Parastromateus niger,4900,389875693.1
1955,Plectropomus leopardus,9050,389875693.1
1955,Portunus pelagicus,500,389875693.1
1955,Scomberoides spp,300,389875693.1
1955,Scomberomorus commerson,14200,389875693.1
1955,Scomberomorus spp,1400,389875693.1
1955,Scylla serrata,600,389875693.1
1955,Selaroides leptolepis,19800,389875693.1
1955,Siganus spp,833.3333333,389875693.1
1955,Sillaginidae,100,389875693.1
1955,Sphyraena barracuda,600,389875693.1
1955,Tylosurus spp,3866.666667,389875693.1
1955,Upeneus spp,1700,389875693.1
1956,Anadara granosa,300,413084767.9
1956,Auxis thazard,60996,413084767.9
1956,Caesionidae,3700,413084767.9
1956,Caranx spp,1800,413084767.9
1956,Cephalopholis boenak,8500,413084767.9
1956,Chirocentrus spp,8700,413084767.9
1956,Decapterus spp,21600,413084767.9
1956,Dussumieria acuta,400,413084767.9
1956,Elagatis bipinnulata,100,413084767.9
1956,Lactarius lactarius,200,413084767.9
1956,Megalaspis cordyla,24459,413084767.9
1956,Mene maculata,2200,413084767.9
1956,Metapenaeus spp,1940,413084767.9
1956,Pampus argenteus,6000,413084767.9
1956,Parastromateus niger,5000,413084767.9
1956,Plectropomus leopardus,9050,413084767.9
1956,Portunus pelagicus,500,413084767.9
1956,Scomberoides spp,300,413084767.9
1956,Scomberomorus commerson,14400,413084767.9
1956,Scomberomorus spp,1400,413084767.9
1956,Scylla serrata,600,413084767.9
1956,Selaroides leptolepis,19800,413084767.9
1956,Siganus spp,833.3333333,413084767.9
1956,Sillaginidae,200,413084767.9
1956,Sphyraena barracuda,600,413084767.9
1956,Tylosurus spp,3866.666667,413084767.9
1956,Upeneus spp,1900,413084767.9
1957,Anadara granosa,300,389946586.4
1957,Auxis thazard,60996,389946586.4
1957,Caesionidae,3700,389946586.4
1957,Caranx spp,2100,389946586.4
1957,Cephalopholis boenak,8300,389946586.4
1957,Chirocentrus spp,8600,389946586.4
1957,Decapterus spp,21000,389946586.4
1957,Dussumieria acuta,300,389946586.4
1957,Elagatis bipinnulata,100,389946586.4
1957,Lactarius lactarius,200,389946586.4
1957,Megalaspis cordyla,29863,389946586.4
1957,Mene maculata,2200,389946586.4
1957,Metapenaeus spp,1870,389946586.4
1957,Pampus argenteus,5800,389946586.4
1957,Parastromateus niger,4800,389946586.4
1957,Plectropomus leopardus,9050,389946586.4
1957,Portunus pelagicus,500,389946586.4
1957,Scomberoides spp,300,389946586.4
1957,Scomberomorus commerson,14000,389946586.4
1957,Scomberomorus spp,1400,389946586.4
1957,Scylla serrata,600,389946586.4
1957,Selaroides leptolepis,19800,389946586.4
1957,Siganus spp,833.3333333,389946586.4
1957,Sillaginidae,200,389946586.4
1957,Sphyraena barracuda,600,389946586.4
1957,Tylosurus spp,3866.666667,389946586.4
1957,Upeneus spp,1900,389946586.4
1958,Anadara granosa,300,418235806.8
1958,Auxis thazard,60996,418235806.8
1958,Caesionidae,3900,418235806.8
1958,Caranx spp,2200,418235806.8
1958,Cephalopholis boenak,8600,418235806.8
1958,Chirocentrus spp,8800,418235806.8
1958,Decapterus spp,138500,418235806.8
1958,Dussumieria acuta,400,418235806.8
1958,Elagatis bipinnulata,100,418235806.8
1958,Lactarius lactarius,300,418235806.8
1958,Megalaspis cordyla,30367,418235806.8
1958,Mene maculata,2200,418235806.8
1958,Metapenaeus spp,1920,418235806.8
1958,Pampus argenteus,6000,418235806.8
1958,Parastromateus niger,5000,418235806.8
1958,Plectropomus leopardus,9050,418235806.8
1958,Portunus pelagicus,500,418235806.8
1958,Scomberoides spp,300,418235806.8
1958,Scomberomorus commerson,14500,418235806.8
1958,Scomberomorus spp,1400,418235806.8
1958,Scylla serrata,600,418235806.8
1958,Selaroides leptolepis,19200,418235806.8
1958,Siganus spp,833.3333333,418235806.8
1958,Sillaginidae,300,418235806.8
1958,Sphyraena barracuda,600,418235806.8
1958,Tylosurus spp,3866.666667,418235806.8
1958,Upeneus spp,2000,418235806.8
1959,Anadara granosa,300,384505540.9
1959,Auxis thazard,60996,384505540.9
1959,Caesionidae,3700,384505540.9
1959,Caranx spp,2200,384505540.9
1959,Cephalopholis boenak,8200,384505540.9
1959,Chirocentrus spp,8500,384505540.9
1959,Decapterus spp,144900,384505540.9
1959,Dussumieria acuta,300,384505540.9
1959,Elagatis bipinnulata,100,384505540.9
1959,Lactarius lactarius,300,384505540.9
1959,Megalaspis cordyla,27171,384505540.9
1959,Mene maculata,2200,384505540.9
1959,Metapenaeus spp,1880,384505540.9
1959,Pampus argenteus,5700,384505540.9
1959,Parastromateus niger,4800,384505540.9
1959,Plectropomus leopardus,9050,384505540.9
1959,Portunus pelagicus,500,384505540.9
1959,Scomberoides spp,300,384505540.9
1959,Scomberomorus commerson,13900,384505540.9
1959,Scomberomorus spp,1400,384505540.9
1959,Scylla serrata,600,384505540.9
1959,Selaroides leptolepis,20400,384505540.9
1959,Siganus spp,833.3333333,384505540.9
1959,Sillaginidae,300,384505540.9
1959,Sphyraena barracuda,600,384505540.9
1959,Tylosurus spp,3866.666667,384505540.9
1959,Upeneus spp,1900,384505540.9
1960,Anadara granosa,300,453590278.7
1960,Auxis thazard,60996,453590278.7
1960,Caesionidae,3900,453590278.7
1960,Caranx spp,2200,453590278.7
1960,Cephalopholis boenak,8400,453590278.7
1960,Chirocentrus spp,9200,453590278.7
1960,Decapterus spp,141900,453590278.7
1960,Dussumieria acuta,6700,453590278.7
1960,Elagatis bipinnulata,100,453590278.7
1960,Lactarius lactarius,300,453590278.7
1960,Megalaspis cordyla,25675,453590278.7
1960,Mene maculata,2200,453590278.7
1960,Metapenaeus spp,1980,453590278.7
1960,Pampus argenteus,5900,453590278.7
1960,Parastromateus niger,4900,453590278.7
1960,Plectropomus leopardus,9050,453590278.7
1960,Portunus pelagicus,600,453590278.7
1960,Scomberoides spp,400,453590278.7
1960,Scomberomorus commerson,14100,453590278.7
1960,Scomberomorus spp,1400,453590278.7
1960,Scylla serrata,600,453590278.7
1960,Selaroides leptolepis,19800,453590278.7
1960,Siganus spp,833.3333333,453590278.7
1960,Sillaginidae,300,453590278.7
1960,Sphyraena barracuda,600,453590278.7
1960,Tylosurus spp,3866.666667,453590278.7
1960,Upeneus spp,1900,453590278.7
1961,Anadara granosa,300,552123960.9
1961,Auxis thazard,60996,552123960.9
1961,Caesionidae,4700,552123960.9
1961,Caranx spp,2700,552123960.9
1961,Cephalopholis boenak,10700,552123960.9
1961,Chirocentrus spp,11500,552123960.9
1961,Decapterus spp,147700,552123960.9
1961,Dussumieria acuta,7200,552123960.9
1961,Elagatis bipinnulata,200,552123960.9
1961,Lactarius lactarius,300,552123960.9
1961,Megalaspis cordyla,28879,552123960.9
1961,Mene maculata,2200,552123960.9
1961,Metapenaeus spp,2410,552123960.9
1961,Pampus argenteus,7500,552123960.9
1961,Parastromateus niger,6200,552123960.9
1961,Plectropomus leopardus,9050,552123960.9
1961,Portunus pelagicus,500,552123960.9
1961,Scomberoides spp,500,552123960.9
1961,Scomberomorus commerson,17800,552123960.9
1961,Scomberomorus spp,1700,552123960.9
1961,Scylla serrata,800,552123960.9
1961,Selaroides leptolepis,20300,552123960.9
1961,Siganus spp,833.3333333,552123960.9
1961,Sillaginidae,300,552123960.9
1961,Sphyraena barracuda,700,552123960.9
1961,Tylosurus spp,3866.666667,552123960.9
1961,Upeneus spp,2500,552123960.9
1962,Anadara granosa,300,475656320.2
1962,Auxis thazard,60996,475656320.2
1962,Caesionidae,5000,475656320.2
1962,Caranx spp,2900,475656320.2
1962,Cephalopholis boenak,11100,475656320.2
1962,Chirocentrus spp,12000,475656320.2
1962,Decapterus spp,217100,475656320.2
1962,Dussumieria acuta,3000,475656320.2
1962,Elagatis bipinnulata,200,475656320.2
1962,Lactarius lactarius,500,475656320.2
1962,Megalaspis cordyla,36284,475656320.2
1962,Mene maculata,2200,475656320.2
1962,Metapenaeus spp,2530,475656320.2
1962,Pampus argenteus,7700,475656320.2
1962,Parastromateus niger,6400,475656320.2
1962,Plectropomus leopardus,9050,475656320.2
1962,Portunus pelagicus,500,475656320.2
1962,Scomberoides spp,500,475656320.2
1962,Scomberomorus commerson,18400,475656320.2
1962,Scomberomorus spp,1700,475656320.2
1962,Scylla serrata,800,475656320.2
1962,Selaroides leptolepis,31500,475656320.2
1962,Siganus spp,833.3333333,475656320.2
1962,Sillaginidae,200,475656320.2
1962,Sphyraena barracuda,800,475656320.2
1962,Tylosurus spp,3866.666667,475656320.2
1962,Upeneus spp,2600,475656320.2
1963,Anadara granosa,400,551582266.4
1963,Auxis thazard,60996,551582266.4
1963,Caesionidae,5200,551582266.4
1963,Caranx spp,3000,551582266.4
1963,Cephalopholis boenak,11400,551582266.4
1963,Chirocentrus spp,12400,551582266.4
1963,Decapterus spp,164700,551582266.4
1963,Dussumieria acuta,6400,551582266.4
1963,Elagatis bipinnulata,1500,551582266.4
1963,Lactarius lactarius,500,551582266.4
1963,Megalaspis cordyla,37289,551582266.4
1963,Mene maculata,1600,551582266.4
1963,Metapenaeus spp,2610,551582266.4
1963,Pampus argenteus,8000,551582266.4
1963,Parastromateus niger,6700,551582266.4
1963,Plectropomus leopardus,9050,551582266.4
1963,Portunus pelagicus,9400,551582266.4
1963,Scomberoides spp,500,551582266.4
1963,Scomberomorus commerson,19000,551582266.4
1963,Scomberomorus spp,1700,551582266.4
1963,Scylla serrata,800,551582266.4
1963,Selaroides leptolepis,12800,551582266.4
1963,Siganus spp,1900,551582266.4
1963,Sillaginidae,3000,551582266.4
1963,Sphyraena barracuda,800,551582266.4
1963,Tylosurus spp,3866.666667,551582266.4
1963,Upeneus spp,2700,551582266.4
1964,Anadara granosa,400,586363336
1964,Auxis thazard,60996,586363336
1964,Caesionidae,5400,586363336
1964,Caranx spp,3200,586363336
1964,Cephalopholis boenak,12100,586363336
1964,Chirocentrus spp,13100,586363336
1964,Decapterus spp,198600,586363336
1964,Dussumieria acuta,8900,586363336
1964,Elagatis bipinnulata,2200,586363336
1964,Lactarius lactarius,500,586363336
1964,Megalaspis cordyla,6695,586363336
1964,Mene maculata,2100,586363336
1964,Metapenaeus spp,2740,586363336
1964,Pampus argenteus,8400,586363336
1964,Parastromateus niger,7000,586363336
1964,Plectropomus leopardus,9050,586363336
1964,Portunus pelagicus,9500,586363336
1964,Scomberoides spp,500,586363336
1964,Scomberomorus commerson,20100,586363336
1964,Scomberomorus spp,3800,586363336
1964,Scylla serrata,900,586363336
1964,Selaroides leptolepis,18100,586363336
1964,Siganus spp,500,586363336
1964,Sillaginidae,500,586363336
1964,Sphyraena barracuda,800,586363336
1964,Tylosurus spp,3866.666667,586363336
1964,Upeneus spp,2900,586363336
1965,Anadara granosa,400,667169576
1965,Auxis thazard,60996,667169576
1965,Caesionidae,6300,667169576
1965,Caranx spp,3300,667169576
1965,Cephalopholis boenak,13600,667169576
1965,Chirocentrus spp,14800,667169576
1965,Decapterus spp,235500,667169576
1965,Dussumieria acuta,6300,667169576
1965,Elagatis bipinnulata,1400,667169576
1965,Lactarius lactarius,400,667169576
1965,Megalaspis cordyla,6200,667169576
1965,Mene maculata,2900,667169576
1965,Metapenaeus spp,3030,667169576
1965,Pampus argenteus,9500,667169576
1965,Parastromateus niger,7900,667169576
1965,Plectropomus leopardus,9050,667169576
1965,Portunus pelagicus,11300,667169576
1965,Scomberoides spp,500,667169576
1965,Scomberomorus commerson,22900,667169576
1965,Scomberomorus spp,4700,667169576
1965,Scylla serrata,1000,667169576
1965,Selaroides leptolepis,21300,667169576
1965,Siganus spp,100,667169576
1965,Sillaginidae,200,667169576
1965,Sphyraena barracuda,900,667169576
1965,Tylosurus spp,3866.666667,667169576
1965,Upeneus spp,3400,667169576
1966,Anadara granosa,500,719765977.9
1966,Auxis thazard,60996,719765977.9
1966,Caesionidae,7100,719765977.9
1966,Caranx spp,3900,719765977.9
1966,Cephalopholis boenak,14700,719765977.9
1966,Chirocentrus spp,16600,719765977.9
1966,Decapterus spp,233200,719765977.9
1966,Dussumieria acuta,7700,719765977.9
1966,Elagatis bipinnulata,800,719765977.9
1966,Lactarius lactarius,1100,719765977.9
1966,Megalaspis cordyla,7906,719765977.9
1966,Mene maculata,2600,719765977.9
1966,Metapenaeus spp,3291,719765977.9
1966,Pampus argenteus,10300,719765977.9
1966,Parastromateus niger,8600,719765977.9
1966,Plectropomus leopardus,9050,719765977.9
1966,Portunus pelagicus,13500,719765977.9
1966,Scomberoides spp,600,719765977.9
1966,Scomberomorus commerson,24700,719765977.9
1966,Scomberomorus spp,5500,719765977.9
1966,Scylla serrata,1100,719765977.9
1966,Selaroides leptolepis,30600,719765977.9
1966,Siganus spp,100,719765977.9
1966,Sillaginidae,1100,719765977.9
1966,Sphyraena barracuda,1000,719765977.9
1966,Tylosurus spp,3866.666667,719765977.9
1966,Upeneus spp,4400,719765977.9
1967,Anadara granosa,400,880985447.6
1967,Auxis thazard,60996,880985447.6
1967,Caesionidae,6700,880985447.6
1967,Caranx spp,3800,880985447.6
1967,Cephalopholis boenak,13900,880985447.6
1967,Chirocentrus spp,16000,880985447.6
1967,Decapterus spp,242100,880985447.6
1967,Dussumieria acuta,6900,880985447.6
1967,Elagatis bipinnulata,1600,880985447.6
1967,Lactarius lactarius,1300,880985447.6
1967,Megalaspis cordyla,5613,880985447.6
1967,Mene maculata,4900,880985447.6
1967,Metapenaeus spp,3102,880985447.6
1967,Pampus argenteus,9700,880985447.6
1967,Parastromateus niger,8100,880985447.6
1967,Plectropomus leopardus,9050,880985447.6
1967,Portunus pelagicus,16700,880985447.6
1967,Scomberoides spp,600,880985447.6
1967,Scomberomorus commerson,27800,880985447.6
1967,Scomberomorus spp,4500,880985447.6
1967,Scylla serrata,1000,880985447.6
1967,Selaroides leptolepis,36300,880985447.6
1967,Siganus spp,0,880985447.6
1967,Sillaginidae,400,880985447.6
1967,Sphyraena barracuda,1000,880985447.6
1967,Tylosurus spp,3866.666667,880985447.6
1967,Upeneus spp,4700,880985447.6
1968,Anadara granosa,500,655479068.5
1968,Auxis thazard,60996,655479068.5
1968,Caesionidae,7000,655479068.5
1968,Caranx spp,3900,655479068.5
1968,Cephalopholis boenak,14800,655479068.5
1968,Chirocentrus spp,16800,655479068.5
1968,Decapterus spp,198200,655479068.5
1968,Dussumieria acuta,9600,655479068.5
1968,Elagatis bipinnulata,11100,655479068.5
1968,Lactarius lactarius,1100,655479068.5
1968,Megalaspis cordyla,4419,655479068.5
1968,Mene maculata,7600,655479068.5
1968,Metapenaeus spp,3225,655479068.5
1968,Pampus argenteus,10300,655479068.5
1968,Parastromateus niger,8600,655479068.5
1968,Plectropomus leopardus,9050,655479068.5
1968,Portunus pelagicus,33300,655479068.5
1968,Scomberoides spp,600,655479068.5
1968,Scomberomorus commerson,34500,655479068.5
1968,Scomberomorus spp,5000,655479068.5
1968,Scylla serrata,1100,655479068.5
1968,Selaroides leptolepis,39500,655479068.5
1968,Siganus spp,800,655479068.5
1968,Sillaginidae,1200,655479068.5
1968,Sphyraena barracuda,1000,655479068.5
1968,Tylosurus spp,3866.666667,655479068.5
1968,Upeneus spp,4600,655479068.5
1969,Anadara granosa,500,663685116
1969,Auxis thazard,60996,663685116
1969,Caesionidae,7500,663685116
1969,Caranx spp,4200,663685116
1969,Cephalopholis boenak,16100,663685116
1969,Chirocentrus spp,17500,663685116
1969,Decapterus spp,253600,663685116
1969,Dussumieria acuta,4900,663685116
1969,Elagatis bipinnulata,2900,663685116
1969,Lactarius lactarius,500,663685116
1969,Megalaspis cordyla,3727,663685116
1969,Mene maculata,3300,663685116
1969,Metapenaeus spp,3504,663685116
1969,Pampus argenteus,11300,663685116
1969,Parastromateus niger,9300,663685116
1969,Plectropomus leopardus,9050,663685116
1969,Portunus pelagicus,19200,663685116
1969,Scomberoides spp,500,663685116
1969,Scomberomorus commerson,28500,663685116
1969,Scomberomorus spp,4800,663685116
1969,Scylla serrata,1200,663685116
1969,Selaroides leptolepis,36300,663685116
1969,Siganus spp,500,663685116
1969,Sillaginidae,600,663685116
1969,Sphyraena barracuda,1100,663685116
1969,Tylosurus spp,3866.666667,663685116
1969,Upeneus spp,4600,663685116
1970,Anadara granosa,500,786193529.7
1970,Auxis thazard,60996,786193529.7
1970,Caesionidae,19690,786193529.7
1970,Caranx spp,4600,786193529.7
1970,Cephalopholis boenak,18600,786193529.7
1970,Chirocentrus spp,23840,786193529.7
1970,Decapterus spp,215800,786193529.7
1970,Dussumieria acuta,33600,786193529.7
1970,Elagatis bipinnulata,4190,786193529.7
1970,Lactarius lactarius,1100,786193529.7
1970,Megalaspis cordyla,4706,786193529.7
1970,Mene maculata,4200,786193529.7
1970,Metapenaeus spp,12729,786193529.7
1970,Pampus argenteus,13400,786193529.7
1970,Parastromateus niger,12620,786193529.7
1970,Plectropomus leopardus,9050,786193529.7
1970,Portunus pelagicus,23100,786193529.7
1970,Scomberoides spp,2200,786193529.7
1970,Scomberomorus commerson,34600,786193529.7
1970,Scomberomorus spp,8383,786193529.7
1970,Scylla serrata,4400,786193529.7
1970,Selaroides leptolepis,39900,786193529.7
1970,Siganus spp,5900,786193529.7
1970,Sillaginidae,4200,786193529.7
1970,Sphyraena barracuda,1400,786193529.7
1970,Tylosurus spp,3600,786193529.7
1970,Upeneus spp,5710,786193529.7
1971,Anadara granosa,500,765100241.3
1971,Auxis thazard,60996,765100241.3
1971,Caesionidae,24190,765100241.3
1971,Caranx spp,4600,765100241.3
1971,Cephalopholis boenak,18800,765100241.3
1971,Chirocentrus spp,23340,765100241.3
1971,Decapterus spp,210100,765100241.3
1971,Dussumieria acuta,35900,765100241.3
1971,Elagatis bipinnulata,4340,765100241.3
1971,Lactarius lactarius,1100,765100241.3
1971,Megalaspis cordyla,4629,765100241.3
1971,Mene maculata,3900,765100241.3
1971,Metapenaeus spp,13700,765100241.3
1971,Pampus argenteus,13600,765100241.3
1971,Parastromateus niger,12920,765100241.3
1971,Plectropomus leopardus,9050,765100241.3
1971,Portunus pelagicus,23700,765100241.3
1971,Scomberoides spp,2400,765100241.3
1971,Scomberomorus commerson,37000,765100241.3
1971,Scomberomorus spp,14140,765100241.3
1971,Scylla serrata,4700,765100241.3
1971,Selaroides leptolepis,45500,765100241.3
1971,Siganus spp,5900,765100241.3
1971,Sillaginidae,4300,765100241.3
1971,Sphyraena barracuda,1400,765100241.3
1971,Thunnus tonggol,18,765100241.3
1971,Tylosurus spp,3800,765100241.3
1971,Upeneus spp,4810,765100241.3
1972,Anadara granosa,600,780875205.7
1972,Auxis thazard,60996,780875205.7
1972,Caesionidae,27690,780875205.7
1972,Caranx spp,4400,780875205.7
1972,Cephalopholis boenak,17100,780875205.7
1972,Chirocentrus spp,21630,780875205.7
1972,Decapterus spp,241800,780875205.7
1972,Dussumieria acuta,41200,780875205.7
1972,Elagatis bipinnulata,4710,780875205.7
1972,Lactarius lactarius,1100,780875205.7
1972,Megalaspis cordyla,5039,780875205.7
1972,Mene maculata,6900,780875205.7
1972,Metapenaeus spp,13625,780875205.7
1972,Pampus argenteus,12300,780875205.7
1972,Parastromateus niger,12320,780875205.7
1972,Plectropomus leopardus,9050,780875205.7
1972,Portunus pelagicus,26500,780875205.7
1972,Scomberoides spp,2300,780875205.7
1972,Scomberomorus commerson,39000,780875205.7
1972,Scomberomorus spp,7989,780875205.7
1972,Scylla serrata,4300,780875205.7
1972,Selaroides leptolepis,41200,780875205.7
1972,Siganus spp,6300,780875205.7
1972,Sillaginidae,4900,780875205.7
1972,Sphyraena barracuda,1200,780875205.7
1972,Thunnus tonggol,0.001,780875205.7
1972,Tylosurus spp,4200,780875205.7
1972,Upeneus spp,4510,780875205.7
1973,Anadara granosa,500,886618565.6
1973,Auxis thazard,60996,886618565.6
1973,Caesionidae,41290,886618565.6
1973,Caranx spp,4300,886618565.6
1973,Cephalopholis boenak,15700,886618565.6
1973,Chirocentrus spp,21130,886618565.6
1973,Decapterus spp,263500,886618565.6
1973,Dussumieria acuta,44400,886618565.6
1973,Elagatis bipinnulata,6690,886618565.6
1973,Lactarius lactarius,1400,886618565.6
1973,Megalaspis cordyla,5074,886618565.6
1973,Mene maculata,7100,886618565.6
1973,Metapenaeus spp,19063,886618565.6
1973,Pampus argenteus,13700,886618565.6
1973,Parastromateus niger,12820,886618565.6
1973,Plectropomus leopardus,9050,886618565.6
1973,Portunus pelagicus,27300,886618565.6
1973,Scomberoides spp,2400,886618565.6
1973,Scomberomorus commerson,39500,886618565.6
1973,Scomberomorus spp,8875,886618565.6
1973,Scylla serrata,4000,886618565.6
1973,Selaroides leptolepis,45400,886618565.6
1973,Siganus spp,6800,886618565.6
1973,Sillaginidae,5800,886618565.6
1973,Sphyraena barracuda,1200,886618565.6
1973,Thunnus tonggol,0.001,886618565.6
1973,Tylosurus spp,4500,886618565.6
1973,Upeneus spp,4380,886618565.6
1974,Anadara granosa,603,836468159.7
1974,Auxis thazard,60996,836468159.7
1974,Caesionidae,38764,836468159.7
1974,Caranx spp,4424,836468159.7
1974,Cephalopholis boenak,17439,836468159.7
1974,Chirocentrus spp,21574,836468159.7
1974,Decapterus spp,266490,836468159.7
1974,Dussumieria acuta,46594,836468159.7
1974,Elagatis bipinnulata,7839,836468159.7
1974,Lactarius lactarius,1011,836468159.7
1974,Megalaspis cordyla,4766,836468159.7
1974,Mene maculata,9251,836468159.7
1974,Metapenaeus spp,18815,836468159.7
1974,Pampus argenteus,13479,836468159.7
1974,Parastromateus niger,12407,836468159.7
1974,Plectropomus leopardus,9050,836468159.7
1974,Portunus pelagicus,36607,836468159.7
1974,Scomberoides spp,2662,836468159.7
1974,Scomberomorus commerson,44742,836468159.7
1974,Scomberomorus spp,9987,836468159.7
1974,Scylla serrata,5848,836468159.7
1974,Selaroides leptolepis,43457,836468159.7
1974,Siganus spp,7013,836468159.7
1974,Sillaginidae,6648,836468159.7
1974,Sphyraena barracuda,863,836468159.7
1974,Thunnus tonggol,53,836468159.7
1974,Tylosurus spp,4794,836468159.7
1974,Upeneus spp,5043,836468159.7
1975,Anadara granosa,2206,996854880.3
1975,Auxis thazard,60996,996854880.3
1975,Caesionidae,37498,996854880.3
1975,Caranx spp,4211,996854880.3
1975,Cephalopholis boenak,1215,996854880.3
1975,Chirocentrus spp,20421,996854880.3
1975,Decapterus spp,257888,996854880.3
1975,Dussumieria acuta,53451,996854880.3
1975,Elagatis bipinnulata,9593,996854880.3
1975,Lactarius lactarius,1818,996854880.3
1975,Megalaspis cordyla,3975,996854880.3
1975,Mene maculata,8573,996854880.3
1975,Metapenaeus spp,19915,996854880.3
1975,Pampus argenteus,8902,996854880.3
1975,Parastromateus niger,11326,996854880.3
1975,Plectropomus leopardus,9050,996854880.3
1975,Portunus pelagicus,31412,996854880.3
1975,Scomberoides spp,3698,996854880.3
1975,Scomberomorus commerson,37969,996854880.3
1975,Scomberomorus spp,13631,996854880.3
1975,Scylla serrata,5729,996854880.3
1975,Selaroides leptolepis,51490,996854880.3
1975,Siganus spp,7802,996854880.3
1975,Sillaginidae,6979,996854880.3
1975,Sphyraena barracuda,221,996854880.3
1975,Thunnus tonggol,48,996854880.3
1975,Tylosurus spp,5122,996854880.3
1975,Upeneus spp,3228,996854880.3
1976,Anadara granosa,2694,1115005736
1976,Auxis thazard,60996,1115005736
1976,Caesionidae,34113,1115005736
1976,Caranx spp,7928,1115005736
1976,Cephalopholis boenak,4116,1115005736
1976,Chirocentrus spp,24433,1115005736
1976,Decapterus spp,291851,1115005736
1976,Dussumieria acuta,49273,1115005736
1976,Elagatis bipinnulata,8973,1115005736
1976,Lactarius lactarius,1032,1115005736
1976,Megalaspis cordyla,3716,1115005736
1976,Mene maculata,7300,1115005736
1976,Metapenaeus spp,6585,1115005736
1976,Pampus argenteus,7027,1115005736
1976,Parastromateus niger,9063,1115005736
1976,Plectropomus leopardus,9050,1115005736
1976,Portunus pelagicus,30808,1115005736
1976,Scomberoides spp,3845,1115005736
1976,Scomberomorus commerson,35790,1115005736
1976,Scomberomorus spp,12825,1115005736
1976,Scylla serrata,4781,1115005736
1976,Selaroides leptolepis,42478,1115005736
1976,Siganus spp,5366,1115005736
1976,Sillaginidae,6374,1115005736
1976,Sphyraena barracuda,4878,1115005736
1976,Thunnus tonggol,34,1115005736
1976,Tylosurus spp,3519,1115005736
1976,Upeneus spp,5930,1115005736
1977,Anadara granosa,2443,1040775928
1977,Auxis thazard,60996,1040775928
1977,Caesionidae,24760,1040775928
1977,Caranx spp,7513,1040775928
1977,Cephalopholis boenak,3877,1040775928
1977,Chirocentrus spp,17341,1040775928
1977,Decapterus spp,244338,1040775928
1977,Dussumieria acuta,64153,1040775928
1977,Elagatis bipinnulata,5367,1040775928
1977,Lactarius lactarius,531,1040775928
1977,Megalaspis cordyla,4827,1040775928
1977,Mene maculata,6433,1040775928
1977,Metapenaeus spp,22025,1040775928
1977,Pampus argenteus,5641,1040775928
1977,Parastromateus niger,7670,1040775928
1977,Plectropomus leopardus,9050,1040775928
1977,Portunus pelagicus,32547,1040775928
1977,Scomberoides spp,4408,1040775928
1977,Scomberomorus commerson,37638,1040775928
1977,Scomberomorus spp,17783,1040775928
1977,Scylla serrata,5934,1040775928
1977,Selaroides leptolepis,55992,1040775928
1977,Siganus spp,7965,1040775928
1977,Sillaginidae,9159,1040775928
1977,Sphyraena barracuda,2520,1040775928
1977,Thunnus tonggol,28,1040775928
1977,Tylosurus spp,6444,1040775928
1977,Upeneus spp,6677,1040775928
1978,Anadara granosa,8636,995020059.9
1978,Auxis thazard,60996,995020059.9
1978,Caesionidae,23728,995020059.9
1978,Caranx spp,8852,995020059.9
1978,Cephalopholis boenak,4571,995020059.9
1978,Chirocentrus spp,14292,995020059.9
1978,Decapterus spp,206423,995020059.9
1978,Dussumieria acuta,40034,995020059.9
1978,Elagatis bipinnulata,6696,995020059.9
1978,Lactarius lactarius,1443,995020059.9
1978,Megalaspis cordyla,6269,995020059.9
1978,Mene maculata,9626,995020059.9
1978,Metapenaeus spp,23147,995020059.9
1978,Pampus argenteus,4966,995020059.9
1978,Parastromateus niger,7736,995020059.9
1978,Plectropomus leopardus,9050,995020059.9
1978,Portunus pelagicus,35291,995020059.9
1978,Scomberoides spp,8010,995020059.9
1978,Scomberomorus commerson,34799,995020059.9
1978,Scomberomorus spp,16050,995020059.9
1978,Scylla serrata,3734,995020059.9
1978,Selaroides leptolepis,46488,995020059.9
1978,Siganus spp,8663,995020059.9
1978,Sillaginidae,12273,995020059.9
1978,Sphyraena barracuda,2089,995020059.9
1978,Thunnus tonggol,25,995020059.9
1978,Tylosurus spp,4650,995020059.9
1978,Upeneus spp,7351,995020059.9
1979,Anadara granosa,6540,1162529289
1979,Auxis thazard,60996,1162529289
1979,Caesionidae,24781,1162529289
1979,Caranx spp,10334,1162529289
1979,Cephalopholis boenak,4235,1162529289
1979,Chirocentrus spp,12161,1162529289
1979,Decapterus spp,222850,1162529289
1979,Dussumieria acuta,29851,1162529289
1979,Elagatis bipinnulata,6406,1162529289
1979,Lactarius lactarius,1750,1162529289
1979,Megalaspis cordyla,4863,1162529289
1979,Mene maculata,11165,1162529289
1979,Metapenaeus spp,23038,1162529289
1979,Pampus argenteus,7780,1162529289
1979,Parastromateus niger,6353,1162529289
1979,Plectropomus leopardus,9050,1162529289
1979,Portunus pelagicus,43111,1162529289
1979,Scomberoides spp,5113,1162529289
1979,Scomberomorus commerson,40056,1162529289
1979,Scomberomorus spp,17185,1162529289
1979,Scylla serrata,3329,1162529289
1979,Selaroides leptolepis,47027,1162529289
1979,Siganus spp,11167,1162529289
1979,Sillaginidae,7661,1162529289
1979,Sphyraena barracuda,2576,1162529289
1979,Thunnus tonggol,10612,1162529289
1979,Tylosurus spp,6583,1162529289
1979,Upeneus spp,6747,1162529289
1980,Anadara granosa,4657,1465472290
1980,Auxis thazard,60996,1465472290
1980,Caesionidae,29018,1465472290
1980,Caranx spp,9982,1465472290
1980,Cephalopholis boenak,5261,1465472290
1980,Chirocentrus spp,15999,1465472290
1980,Decapterus spp,190674,1465472290
1980,Dussumieria acuta,39866,1465472290
1980,Elagatis bipinnulata,8410,1465472290
1980,Lactarius lactarius,1320,1465472290
1980,Megalaspis cordyla,6600,1465472290
1980,Mene maculata,5947,1465472290
1980,Metapenaeus spp,24481,1465472290
1980,Pampus argenteus,7097,1465472290
1980,Parastromateus niger,7876,1465472290
1980,Plectropomus leopardus,9050,1465472290
1980,Portunus pelagicus,40949,1465472290
1980,Scomberoides spp,4521,1465472290
1980,Scomberomorus commerson,44301,1465472290
1980,Scomberomorus spp,19284,1465472290
1980,Scylla serrata,3349,1465472290
1980,Selaroides leptolepis,47219,1465472290
1980,Siganus spp,8215,1465472290
1980,Sillaginidae,8394,1465472290
1980,Sphyraena barracuda,3314,1465472290
1980,Thunnus tonggol,7980,1465472290
1980,Tylosurus spp,4551,1465472290
1980,Upeneus spp,5995,1465472290
1981,Anadara granosa,5197,1536335790
1981,Auxis thazard,60996,1536335790
1981,Caesionidae,26748,1536335790
1981,Caranx spp,10476,1536335790
1981,Cephalopholis boenak,5094,1536335790
1981,Chirocentrus spp,18102,1536335790
1981,Decapterus spp,207966,1536335790
1981,Dussumieria acuta,36279,1536335790
1981,Elagatis bipinnulata,8433,1536335790
1981,Lactarius lactarius,1175,1536335790
1981,Megalaspis cordyla,6757,1536335790
1981,Mene maculata,5123,1536335790
1981,Metapenaeus spp,26165,1536335790
1981,Pampus argenteus,7370,1536335790
1981,Parastromateus niger,8842,1536335790
1981,Plectropomus leopardus,9050,1536335790
1981,Portunus pelagicus,46123,1536335790
1981,Scomberoides spp,7459,1536335790
1981,Scomberomorus commerson,51858,1536335790
1981,Scomberomorus spp,27808,1536335790
1981,Scylla serrata,4553,1536335790
1981,Selaroides leptolepis,33609,1536335790
1981,Siganus spp,10080,1536335790
1981,Sillaginidae,11824,1536335790
1981,Sphyraena barracuda,3877,1536335790
1981,Thunnus tonggol,9971,1536335790
1981,Tylosurus spp,8464,1536335790
1981,Upeneus spp,3408,1536335790
1982,Anadara granosa,5011,1461369013
1982,Auxis thazard,60996,1461369013
1982,Caesionidae,28511,1461369013
1982,Caranx spp,9975,1461369013
1982,Cephalopholis boenak,5614,1461369013
1982,Chirocentrus spp,17072,1461369013
1982,Decapterus spp,255321,1461369013
1982,Dussumieria acuta,30272,1461369013
1982,Elagatis bipinnulata,6712,1461369013
1982,Lactarius lactarius,1352,1461369013
1982,Megalaspis cordyla,6139,1461369013
1982,Mene maculata,5417,1461369013
1982,Metapenaeus spp,25750,1461369013
1982,Pampus argenteus,8793,1461369013
1982,Parastromateus niger,9511,1461369013
1982,Plectropomus leopardus,9050,1461369013
1982,Portunus pelagicus,38299,1461369013
1982,Scomberoides spp,9606,1461369013
1982,Scomberomorus commerson,55565,1461369013
1982,Scomberomorus spp,18095,1461369013
1982,Scylla serrata,5655,1461369013
1982,Selaroides leptolepis,27232,1461369013
1982,Siganus spp,20516,1461369013
1982,Sillaginidae,6753,1461369013
1982,Sphyraena barracuda,4697,1461369013
1982,Thunnus tonggol,16469,1461369013
1982,Tylosurus spp,7735,1461369013
1982,Upeneus spp,4142,1461369013
1983,Anadara granosa,7800,2969908249
1983,Auxis thazard,60996,2969908249
1983,Caesionidae,29103,2969908249
1983,Caranx spp,12516,2969908249
1983,Cephalopholis boenak,7160,2969908249
1983,Chirocentrus spp,18483,2969908249
1983,Decapterus spp,248803,2969908249
1983,Dussumieria acuta,30314,2969908249
1983,Elagatis bipinnulata,7161,2969908249
1983,Lactarius lactarius,1314,2969908249
1983,Megalaspis cordyla,5757,2969908249
1983,Mene maculata,2779,2969908249
1983,Metapenaeus spp,24355,2969908249
1983,Pampus argenteus,11752,2969908249
1983,Parastromateus niger,9658,2969908249
1983,Plectropomus leopardus,9050,2969908249
1983,Portunus pelagicus,53525,2969908249
1983,Scomberoides spp,9252,2969908249
1983,Scomberomorus commerson,58751,2969908249
1983,Scomberomorus spp,16588,2969908249
1983,Scylla serrata,4701,2969908249
1983,Selaroides leptolepis,22502,2969908249
1983,Siganus spp,15475,2969908249
1983,Sillaginidae,12050,2969908249
1983,Sphyraena barracuda,5336,2969908249
1983,Thunnus tonggol,50451,2969908249
1983,Tylosurus spp,11232,2969908249
1983,Upeneus spp,4951,2969908249
1984,Anadara granosa,12396,1616427568
1984,Auxis thazard,60996,1616427568
1984,Caesionidae,31488,1616427568
1984,Caranx spp,12994,1616427568
1984,Cephalopholis boenak,6131,1616427568
1984,Chirocentrus spp,14654,1616427568
1984,Decapterus spp,245441,1616427568
1984,Dussumieria acuta,45971,1616427568
1984,Elagatis bipinnulata,7754,1616427568
1984,Lactarius lactarius,1067,1616427568
1984,Megalaspis cordyla,5860,1616427568
1984,Mene maculata,5828,1616427568
1984,Metapenaeus spp,20899,1616427568
1984,Pampus argenteus,8444,1616427568
1984,Parastromateus niger,10938,1616427568
1984,Plectropomus leopardus,9050,1616427568
1984,Portunus pelagicus,41629,1616427568
1984,Scomberoides spp,8761,1616427568
1984,Scomberomorus commerson,50246,1616427568
1984,Scomberomorus spp,17747,1616427568
1984,Scylla serrata,4988,1616427568
1984,Selaroides leptolepis,37513,1616427568
1984,Siganus spp,17574,1616427568
1984,Sillaginidae,11358,1616427568
1984,Sphyraena barracuda,5425,1616427568
1984,Thunnus tonggol,39213,1616427568
1984,Tylosurus spp,12233,1616427568
1984,Upeneus spp,6023,1616427568
1985,Anadara granosa,11778,1782084212
1985,Auxis thazard,60996,1782084212
1985,Caesionidae,28988,1782084212
1985,Caranx spp,12608,1782084212
1985,Cephalopholis boenak,6567,1782084212
1985,Chirocentrus spp,16378,1782084212
1985,Decapterus spp,279050,1782084212
1985,Dussumieria acuta,38669,1782084212
1985,Elagatis bipinnulata,8999,1782084212
1985,Lactarius lactarius,818,1782084212
1985,Megalaspis cordyla,6435,1782084212
1985,Mene maculata,7179,1782084212
1985,Metapenaeus spp,20503,1782084212
1985,Pampus argenteus,9359,1782084212
1985,Parastromateus niger,13162,1782084212
1985,Plectropomus leopardus,9050,1782084212
1985,Portunus pelagicus,40144,1782084212
1985,Scomberoides spp,9380,1782084212
1985,Scomberomorus commerson,47513,1782084212
1985,Scomberomorus spp,17919,1782084212
1985,Scylla serrata,5720,1782084212
1985,Selaroides leptolepis,33481,1782084212
1985,Siganus spp,17800,1782084212
1985,Sillaginidae,13386,1782084212
1985,Sphyraena barracuda,5803,1782084212
1985,Thunnus tonggol,46354,1782084212
1985,Tylosurus spp,13479,1782084212
1985,Upeneus spp,5654,1782084212
1986,Anadara granosa,10475,1525153156
1986,Auxis thazard,60996,1525153156
1986,Caesionidae,30478,1525153156
1986,Caranx spp,12983,1525153156
1986,Cephalopholis boenak,7537,1525153156
1986,Chirocentrus spp,17563,1525153156
1986,Decapterus spp,312903,1525153156
1986,Dussumieria acuta,38563,1525153156
1986,Elagatis bipinnulata,8897,1525153156
1986,Lactarius lactarius,2002,1525153156
1986,Megalaspis cordyla,6406,1525153156
1986,Mene maculata,3673,1525153156
1986,Metapenaeus spp,20235,1525153156
1986,Pampus argenteus,11323,1525153156
1986,Parastromateus niger,14899,1525153156
1986,Plectropomus leopardus,9050,1525153156
1986,Portunus pelagicus,45852,1525153156
1986,Scomberoides spp,11222,1525153156
1986,Scomberomorus commerson,53268,1525153156
1986,Scomberomorus spp,22532,1525153156
1986,Scylla serrata,6078,1525153156
1986,Selaroides leptolepis,34407,1525153156
1986,Siganus spp,14327,1525153156
1986,Sillaginidae,13707,1525153156
1986,Sphyraena barracuda,7169,1525153156
1986,Thunnus tonggol,47135,1525153156
1986,Tylosurus spp,9299,1525153156
1986,Upeneus spp,7091,1525153156
1987,Anadara granosa,11466,1811341684
1987,Auxis thazard,60996,1811341684
1987,Caesionidae,30690,1811341684
1987,Caranx spp,17616,1811341684
1987,Cephalopholis boenak,11733,1811341684
1987,Chirocentrus spp,18920,1811341684
1987,Decapterus spp,300282,1811341684
1987,Dussumieria acuta,40800,1811341684
1987,Elagatis bipinnulata,9664,1811341684
1987,Lactarius lactarius,1036,1811341684
1987,Megalaspis cordyla,5795,1811341684
1987,Mene maculata,4450,1811341684
1987,Metapenaeus spp,24053,1811341684
1987,Pampus argenteus,8658,1811341684
1987,Parastromateus niger,13109,1811341684
1987,Plectropomus leopardus,9050,1811341684
1987,Portunus pelagicus,47820,1811341684
1987,Scomberoides spp,9872,1811341684
1987,Scomberomorus commerson,54534,1811341684
1987,Scomberomorus spp,23788,1811341684
1987,Scylla serrata,5527,1811341684
1987,Selaroides leptolepis,35461,1811341684
1987,Siganus spp,14332,1811341684
1987,Sillaginidae,15646,1811341684
1987,Sphyraena barracuda,8042,1811341684
1987,Thunnus tonggol,38180,1811341684
1987,Tylosurus spp,9209,1811341684
1987,Upeneus spp,9018,1811341684
1988,Anadara granosa,10336,1531033546
1988,Auxis thazard,60996,1531033546
1988,Caesionidae,26832,1531033546
1988,Caranx spp,16096,1531033546
1988,Cephalopholis boenak,12184,1531033546
1988,Chirocentrus spp,21257,1531033546
1988,Decapterus spp,278498,1531033546
1988,Dussumieria acuta,46715,1531033546
1988,Elagatis bipinnulata,9937,1531033546
1988,Lactarius lactarius,1601,1531033546
1988,Megalaspis cordyla,5347,1531033546
1988,Mene maculata,5630,1531033546
1988,Metapenaeus spp,23056,1531033546
1988,Pampus argenteus,9760,1531033546
1988,Parastromateus niger,16832,1531033546
1988,Plectropomus leopardus,9050,1531033546
1988,Portunus pelagicus,53835,1531033546
1988,Scomberoides spp,11676,1531033546
1988,Scomberomorus commerson,48681,1531033546
1988,Scomberomorus spp,20363,1531033546
1988,Scylla serrata,5474,1531033546
1988,Selaroides leptolepis,36530,1531033546
1988,Siganus spp,17263,1531033546
1988,Sillaginidae,15356,1531033546
1988,Sphyraena barracuda,8274,1531033546
1988,Thunnus tonggol,92998,1531033546
1988,Tylosurus spp,9834,1531033546
1988,Upeneus spp,12670,1531033546
1989,Anadara granosa,11015,2082241760
1989,Auxis thazard,60996,2082241760
1989,Caesionidae,30484,2082241760
1989,Caranx spp,16916,2082241760
1989,Cephalopholis boenak,9425,2082241760
1989,Chirocentrus spp,22957,2082241760
1989,Decapterus spp,323829,2082241760
1989,Dussumieria acuta,42363,2082241760
1989,Elagatis bipinnulata,10474,2082241760
1989,Lactarius lactarius,1671,2082241760
1989,Megalaspis cordyla,8721,2082241760
1989,Mene maculata,6342,2082241760
1989,Metapenaeus spp,20024,2082241760
1989,Pampus argenteus,10246,2082241760
1989,Parastromateus niger,14975,2082241760
1989,Plectropomus leopardus,9050,2082241760
1989,Portunus pelagicus,49691,2082241760
1989,Scomberoides spp,12480,2082241760
1989,Scomberomorus commerson,52794,2082241760
1989,Scomberomorus spp,18532,2082241760
1989,Scylla serrata,6161,2082241760
1989,Selaroides leptolepis,38614,2082241760
1989,Siganus spp,16286,2082241760
1989,Sillaginidae,14946,2082241760
1989,Sphyraena barracuda,8964,2082241760
1989,Thunnus tonggol,82423,2082241760
1989,Tylosurus spp,9123,2082241760
1989,Upeneus spp,8605,2082241760
1990,Anadara granosa,11697,2442022384
1990,Auxis thazard,60996,2442022384
1990,Caesionidae,22902,2442022384
1990,Caranx spp,16750,2442022384
1990,Cephalopholis boenak,9703,2442022384
1990,Chirocentrus spp,24641,2442022384
1990,Decapterus spp,387049,2442022384
1990,Dussumieria acuta,35685,2442022384
1990,Elagatis bipinnulata,10419,2442022384
1990,Lactarius lactarius,934,2442022384
1990,Megalaspis cordyla,7854,2442022384
1990,Mene maculata,7069,2442022384
1990,Metapenaeus spp,19551,2442022384
1990,Pampus argenteus,11338,2442022384
1990,Parastromateus niger,15688,2442022384
1990,Plectropomus leopardus,9050,2442022384
1990,Portunus pelagicus,50471,2442022384
1990,Scomberoides spp,14084,2442022384
1990,Scomberomorus commerson,56753,2442022384
1990,Scomberomorus spp,17126,2442022384
1990,Scylla serrata,5858,2442022384
1990,Selaroides leptolepis,41255,2442022384
1990,Siganus spp,15735,2442022384
1990,Sillaginidae,14723,2442022384
1990,Sphyraena barracuda,9263,2442022384
1990,Thunnus tonggol,105072,2442022384
1990,Tylosurus spp,9078,2442022384
1990,Upeneus spp,10520,2442022384
1991,Anadara granosa,10540,1960707904
1991,Auxis thazard,60996,1960707904
1991,Caesionidae,30940,1960707904
1991,Caranx spp,18314,1960707904
1991,Cephalopholis boenak,9805,1960707904
1991,Chirocentrus spp,23983,1960707904
1991,Decapterus spp,450886,1960707904
1991,Dussumieria acuta,33818,1960707904
1991,Elagatis bipinnulata,10677,1960707904
1991,Lactarius lactarius,1879,1960707904
1991,Megalaspis cordyla,7926,1960707904
1991,Mene maculata,9077,1960707904
1991,Metapenaeus spp,22214,1960707904
1991,Pampus argenteus,10570,1960707904
1991,Parastromateus niger,18004,1960707904
1991,Plectropomus leopardus,9050,1960707904
1991,Portunus pelagicus,55368,1960707904
1991,Scomberoides spp,17591,1960707904
1991,Scomberomorus commerson,59714,1960707904
1991,Scomberomorus spp,23402,1960707904
1991,Scylla serrata,6719,1960707904
1991,Selaroides leptolepis,36264,1960707904
1991,Siganus spp,15991,1960707904
1991,Sillaginidae,16640,1960707904
1991,Sphyraena barracuda,7998,1960707904
1991,Thunnus tonggol,81670,1960707904
1991,Tylosurus spp,8568,1960707904
1991,Upeneus spp,9812,1960707904
1992,Anadara granosa,15393,2494526127
1992,Auxis thazard,60996,2494526127
1992,Caesionidae,32572,2494526127
1992,Caranx spp,21343,2494526127
1992,Cephalopholis boenak,13639,2494526127
1992,Chirocentrus spp,15988,2494526127
1992,Decapterus spp,459724,2494526127
1992,Dussumieria acuta,33899,2494526127
1992,Elagatis bipinnulata,7689,2494526127
1992,Lactarius lactarius,992,2494526127
1992,Megalaspis cordyla,9748,2494526127
1992,Mene maculata,7295,2494526127
1992,Metapenaeus spp,23492,2494526127
1992,Pampus argenteus,13064,2494526127
1992,Parastromateus niger,18354,2494526127
1992,Plectropomus leopardus,9050,2494526127
1992,Portunus pelagicus,80160,2494526127
1992,Scomberoides spp,14644,2494526127
1992,Scomberomorus commerson,55556,2494526127
1992,Scomberomorus spp,30772,2494526127
1992,Scylla serrata,13907,2494526127
1992,Selaroides leptolepis,37766,2494526127
1992,Siganus spp,15692,2494526127
1992,Sillaginidae,12076,2494526127
1992,Sphyraena barracuda,22209,2494526127
1992,Thunnus tonggol,74017,2494526127
1992,Tylosurus spp,10926,2494526127
1992,Upeneus spp,10511,2494526127
1993,Anadara granosa,20149,2394561342
1993,Auxis thazard,60996,2394561342
1993,Caesionidae,34579,2394561342
1993,Caranx spp,21268,2394561342
1993,Cephalopholis boenak,19022,2394561342
1993,Chirocentrus spp,17230,2394561342
1993,Decapterus spp,442206,2394561342
1993,Dussumieria acuta,22928,2394561342
1993,Elagatis bipinnulata,17133,2394561342
1993,Lactarius lactarius,634,2394561342
1993,Megalaspis cordyla,4705,2394561342
1993,Mene maculata,4703,2394561342
1993,Metapenaeus spp,22472,2394561342
1993,Pampus argenteus,14168,2394561342
1993,Parastromateus niger,21451,2394561342
1993,Plectropomus leopardus,9050,2394561342
1993,Portunus pelagicus,68835,2394561342
1993,Scomberoides spp,16657,2394561342
1993,Scomberomorus commerson,57899,2394561342
1993,Scomberomorus spp,27715,2394561342
1993,Scylla serrata,17596,2394561342
1993,Selaroides leptolepis,33200,2394561342
1993,Siganus spp,25785,2394561342
1993,Sillaginidae,12539,2394561342
1993,Sphyraena barracuda,23474,2394561342
1993,Thunnus tonggol,41652,2394561342
1993,Tylosurus spp,11730,2394561342
1993,Upeneus spp,12774,2394561342
1994,Anadara granosa,21738,2257541441
1994,Auxis thazard,60996,2257541441
1994,Caesionidae,40165,2257541441
1994,Caranx spp,22670,2257541441
1994,Cephalopholis boenak,29431,2257541441
1994,Chirocentrus spp,17886,2257541441
1994,Decapterus spp,425312,2257541441
1994,Dussumieria acuta,35435,2257541441
1994,Elagatis bipinnulata,9933,2257541441
1994,Lactarius lactarius,559,2257541441
1994,Megalaspis cordyla,7107,2257541441
1994,Mene maculata,6190,2257541441
1994,Metapenaeus spp,27175,2257541441
1994,Pampus argenteus,16493,2257541441
1994,Parastromateus niger,24630,2257541441
1994,Plectropomus leopardus,9050,2257541441
1994,Portunus pelagicus,72119,2257541441
1994,Scomberoides spp,16545,2257541441
1994,Scomberomorus commerson,57691,2257541441
1994,Scomberomorus spp,21313,2257541441
1994,Scylla serrata,11720,2257541441
1994,Selaroides leptolepis,49937,2257541441
1994,Siganus spp,20380,2257541441
1994,Sillaginidae,13642,2257541441
1994,Sphyraena barracuda,19641,2257541441
1994,Thunnus tonggol,33857,2257541441
1994,Tylosurus spp,11386,2257541441
1994,Upeneus spp,13932,2257541441
1995,Anadara granosa,26949,2514146658
1995,Auxis thazard,60996,2514146658
1995,Caesionidae,52818,2514146658
1995,Caranx spp,22304,2514146658
1995,Cephalopholis boenak,21363,2514146658
1995,Chirocentrus spp,22752,2514146658
1995,Decapterus spp,478231,2514146658
1995,Dussumieria acuta,35300,2514146658
1995,Elagatis bipinnulata,11279,2514146658
1995,Lactarius lactarius,418,2514146658
1995,Megalaspis cordyla,8660,2514146658
1995,Mene maculata,4207,2514146658
1995,Metapenaeus spp,27373,2514146658
1995,Pampus argenteus,16547,2514146658
1995,Parastromateus niger,26910,2514146658
1995,Plectropomus leopardus,9050,2514146658
1995,Portunus pelagicus,78449,2514146658
1995,Scomberoides spp,17384,2514146658
1995,Scomberomorus commerson,62146,2514146658
1995,Scomberomorus spp,22659,2514146658
1995,Scylla serrata,12698,2514146658
1995,Selaroides leptolepis,43592,2514146658
1995,Siganus spp,19899,2514146658
1995,Sillaginidae,14709,2514146658
1995,Sphyraena barracuda,9093,2514146658
1995,Thunnus tonggol,42850,2514146658
1995,Tylosurus spp,10171,2514146658
1995,Upeneus spp,17698,2514146658
1996,Anadara granosa,24956,2795475717
1996,Auxis thazard,60996,2795475717
1996,Caesionidae,43985,2795475717
1996,Caranx spp,23394,2795475717
1996,Cephalopholis boenak,24423,2795475717
1996,Chirocentrus spp,20197,2795475717
1996,Decapterus spp,443980,2795475717
1996,Dussumieria acuta,36334,2795475717
1996,Elagatis bipinnulata,10649,2795475717
1996,Lactarius lactarius,410,2795475717
1996,Megalaspis cordyla,7849,2795475717
1996,Mene maculata,4815,2795475717
1996,Metapenaeus spp,28934,2795475717
1996,Pampus argenteus,18068,2795475717
1996,Parastromateus niger,28061,2795475717
1996,Plectropomus leopardus,9050,2795475717
1996,Portunus pelagicus,78423,2795475717
1996,Scomberoides spp,16761,2795475717
1996,Scomberomorus commerson,64590,2795475717
1996,Scomberomorus spp,20541,2795475717
1996,Scylla serrata,10614,2795475717
1996,Selaroides leptolepis,68193,2795475717
1996,Siganus spp,18184,2795475717
1996,Sillaginidae,13066,2795475717
1996,Sphyraena barracuda,10928,2795475717
1996,Thunnus tonggol,35661,2795475717
1996,Tylosurus spp,9454,2795475717
1996,Upeneus spp,17689,2795475717
1997,Anadara granosa,9227,2684046731
1997,Auxis thazard,60996,2684046731
1997,Caesionidae,43055,2684046731
1997,Caranx spp,25422,2684046731
1997,Cephalopholis boenak,22824,2684046731
1997,Chirocentrus spp,17981,2684046731
1997,Decapterus spp,477562,2684046731
1997,Dussumieria acuta,33796,2684046731
1997,Elagatis bipinnulata,11186,2684046731
1997,Lactarius lactarius,552,2684046731
1997,Megalaspis cordyla,7796,2684046731
1997,Mene maculata,11940,2684046731
1997,Metapenaeus spp,39009,2684046731
1997,Pampus argenteus,16292,2684046731
1997,Parastromateus niger,31972,2684046731
1997,Plectropomus leopardus,9050,2684046731
1997,Portunus pelagicus,82486,2684046731
1997,Scomberoides spp,15582,2684046731
1997,Scomberomorus commerson,63824,2684046731
1997,Scomberomorus spp,19031,2684046731
1997,Scylla serrata,7355,2684046731
1997,Selaroides leptolepis,76355,2684046731
1997,Siganus spp,17073,2684046731
1997,Sillaginidae,14074,2684046731
1997,Sphyraena barracuda,12859,2684046731
1997,Thunnus tonggol,31637,2684046731
1997,Tylosurus spp,9967,2684046731
1997,Upeneus spp,24866,2684046731
1998,Anadara granosa,8020,2557623306
1998,Auxis thazard,60996,2557623306
1998,Caesionidae,37392,2557623306
1998,Caranx spp,26166,2557623306
1998,Cephalopholis boenak,22655,2557623306
1998,Chirocentrus spp,15345,2557623306
1998,Decapterus spp,487910,2557623306
1998,Dussumieria acuta,38476,2557623306
1998,Elagatis bipinnulata,12298,2557623306
1998,Lactarius lactarius,576,2557623306
1998,Megalaspis cordyla,10336,2557623306
1998,Mene maculata,11529,2557623306
1998,Metapenaeus spp,46501,2557623306
1998,Pampus argenteus,15666,2557623306
1998,Parastromateus niger,30215,2557623306
1998,Plectropomus leopardus,9050,2557623306
1998,Portunus pelagicus,74215,2557623306
1998,Scomberoides spp,17902,2557623306
1998,Scomberomorus commerson,60206,2557623306
1998,Scomberomorus spp,21025,2557623306
1998,Scylla serrata,6744,2557623306
1998,Selaroides leptolepis,86930,2557623306
1998,Siganus spp,19597,2557623306
1998,Sillaginidae,14014,2557623306
1998,Sphyraena barracuda,13265,2557623306
1998,Thunnus tonggol,40968,2557623306
1998,Tylosurus spp,9532,2557623306
1998,Upeneus spp,21651,2557623306
1999,Anadara granosa,10318,3392208590
1999,Auxis thazard,60996,3392208590
1999,Caesionidae,39484,3392208590
1999,Caranx spp,25548,3392208590
1999,Cephalopholis boenak,24276,3392208590
1999,Chirocentrus spp,17661,3392208590
1999,Decapterus spp,473500,3392208590
1999,Dussumieria acuta,42383,3392208590
1999,Elagatis bipinnulata,13808,3392208590
1999,Lactarius lactarius,824,3392208590
1999,Megalaspis cordyla,11210,3392208590
1999,Mene maculata,12385,3392208590
1999,Metapenaeus spp,36993,3392208590
1999,Pampus argenteus,16110,3392208590
1999,Parastromateus niger,31171,3392208590
1999,Plectropomus leopardus,9050,3392208590
1999,Portunus pelagicus,81495,3392208590
1999,Scomberoides spp,19758,3392208590
1999,Scomberomorus commerson,62752,3392208590
1999,Scomberomorus spp,23725,3392208590
1999,Scylla serrata,8858,3392208590
1999,Selaroides leptolepis,91742,3392208590
1999,Siganus spp,21298,3392208590
1999,Sillaginidae,13616,3392208590
1999,Sphyraena barracuda,14098,3392208590
1999,Thunnus tonggol,48590,3392208590
1999,Tylosurus spp,10323,3392208590
1999,Upeneus spp,22233,3392208590
2000,Anadara granosa,8782,2934372589
2000,Auxis thazard,60996,2934372589
2000,Caesionidae,34996,2934372589
2000,Caranx spp,25995,2934372589
2000,Cephalopholis boenak,27824,2934372589
2000,Chirocentrus spp,18085,2934372589
2000,Decapterus spp,471762,2934372589
2000,Dussumieria acuta,31853,2934372589
2000,Elagatis bipinnulata,13209,2934372589
2000,Lactarius lactarius,657,2934372589
2000,Megalaspis cordyla,10800,2934372589
2000,Mene maculata,11718,2934372589
2000,Metapenaeus spp,46223,2934372589
2000,Pampus argenteus,19799,2934372589
2000,Parastromateus niger,31749,2934372589
2000,Plectropomus leopardus,9050,2934372589
2000,Portunus pelagicus,88406,2934372589
2000,Scomberoides spp,18947,2934372589
2000,Scomberomorus commerson,69534,2934372589
2000,Scomberomorus spp,19881,2934372589
2000,Scylla serrata,8817,2934372589
2000,Selaroides leptolepis,100440,2934372589
2000,Siganus spp,21506,2934372589
2000,Sillaginidae,13696,2934372589
2000,Sphyraena barracuda,12025,2934372589
2000,Thunnus tonggol,57752,2934372589
2000,Tylosurus spp,10084,2934372589
2000,Upeneus spp,22776,2934372589
2001,Amblygaster sirm,15,3076842346
2001,Anadara granosa,55389,3076842346
2001,Auxis thazard,60996,3076842346
2001,Caesionidae,46923,3076842346
2001,Caranx spp,30614,3076842346
2001,Cephalopholis boenak,33326,3076842346
2001,Chirocentrus spp,26026,3076842346
2001,Decapterus spp,507158,3076842346
2001,Dussumieria acuta,32352,3076842346
2001,Elagatis bipinnulata,12719,3076842346
2001,Lactarius lactarius,722,3076842346
2001,Megalaspis cordyla,10390,3076842346
2001,Mene maculata,13275,3076842346
2001,Metapenaeus spp,41695,3076842346
2001,Pampus argenteus,26968,3076842346
2001,Parastromateus niger,40927,3076842346
2001,Plectropomus leopardus,9050,3076842346
2001,Portunus pelagicus,91045,3076842346
2001,Scomberoides spp,23264,3076842346
2001,Scomberomorus commerson,71082,3076842346
2001,Scomberomorus spp,20381,3076842346
2001,Scylla serrata,12518,3076842346
2001,Selaroides leptolepis,111947,3076842346
2001,Siganus spp,21873,3076842346
2001,Sillaginidae,14514,3076842346
2001,Sphyraena barracuda,11330,3076842346
2001,Thunnus tonggol,59840,3076842346
2001,Tylosurus spp,11819,3076842346
2001,Upeneus spp,20291,3076842346
2002,Amblygaster sirm,233,3607503534
2002,Anadara granosa,57281,3607503534
2002,Auxis thazard,60996,3607503534
2002,Caesionidae,44914,3607503534
2002,Caranx spp,29342,3607503534
2002,Cephalopholis boenak,28170,3607503534
2002,Chirocentrus spp,33407,3607503534
2002,Decapterus spp,531479,3607503534
2002,Dussumieria acuta,23435,3607503534
2002,Elagatis bipinnulata,10615,3607503534
2002,Lactarius lactarius,520,3607503534
2002,Megalaspis cordyla,10466,3607503534
2002,Mene maculata,15418,3607503534
2002,Metapenaeus spp,40641,3607503534
2002,Pampus argenteus,27414,3607503534
2002,Parastromateus niger,43800,3607503534
2002,Plectropomus leopardus,9050,3607503534
2002,Portunus pelagicus,76120,3607503534
2002,Scomberoides spp,20091,3607503534
2002,Scomberomorus commerson,78245,3607503534
2002,Scomberomorus spp,20920,3607503534
2002,Scylla serrata,9491,3607503534
2002,Selaroides leptolepis,132501,3607503534
2002,Siganus spp,19405,3607503534
2002,Sillaginidae,20046,3607503534
2002,Sphyraena barracuda,9110,3607503534
2002,Thunnus tonggol,62510,3607503534
2002,Tylosurus spp,11672,3607503534
2002,Upeneus spp,22162,3607503534
2003,Amblygaster sirm,451,3533359221
2003,Anadara granosa,38440,3533359221
2003,Auxis thazard,60996,3533359221
2003,Caesionidae,48333,3533359221
2003,Caranx spp,30844,3533359221
2003,Cephalopholis boenak,35126,3533359221
2003,Chirocentrus spp,37454,3533359221
2003,Decapterus spp,573816,3533359221
2003,Dussumieria acuta,26256,3533359221
2003,Elagatis bipinnulata,11413,3533359221
2003,Lactarius lactarius,712,3533359221
2003,Megalaspis cordyla,13451,3533359221
2003,Mene maculata,15092,3533359221
2003,Metapenaeus spp,41771,3533359221
2003,Pampus argenteus,24337,3533359221
2003,Parastromateus niger,59279,3533359221
2003,Plectropomus leopardus,9050,3533359221
2003,Portunus pelagicus,87000,3533359221
2003,Scomberoides spp,22962,3533359221
2003,Scomberomorus commerson,86897,3533359221
2003,Scomberomorus spp,27553,3533359221
2003,Scylla serrata,12734,3533359221
2003,Selaroides leptolepis,140625,3533359221
2003,Siganus spp,20269,3533359221
2003,Sillaginidae,20811,3533359221
2003,Sphyraena barracuda,6124,3533359221
2003,Thunnus tonggol,100031,3533359221
2003,Tylosurus spp,13524,3533359221
2003,Upeneus spp,20531,3533359221
2004,Amblygaster sirm,669,2988532757
2004,Anadara granosa,46029,2988532757
2004,Auxis thazard,14970,2988532757
2004,Caesionidae,47883,2988532757
2004,Caranx spp,36159,2988532757
2004,Cephalopholis boenak,9218,2988532757
2004,Chirocentrus spp,29542,2988532757
2004,Decapterus spp,588093,2988532757
2004,Dussumieria acuta,27759,2988532757
2004,Elagatis bipinnulata,13286,2988532757
2004,Lactarius lactarius,2504,2988532757
2004,Megalaspis cordyla,11454,2988532757
2004,Mene maculata,14407,2988532757
2004,Metapenaeus spp,46899,2988532757
2004,Pampus argenteus,32057,2988532757
2004,Parastromateus niger,44545,2988532757
2004,Plectropomus leopardus,14735,2988532757
2004,Portunus pelagicus,79296,2988532757
2004,Scomberoides spp,22676,2988532757
2004,Scomberomorus commerson,102600,2988532757
2004,Scomberomorus spp,32389,2988532757
2004,Scylla serrata,18756,2988532757
2004,Selaroides leptolepis,162963,2988532757
2004,Siganus spp,24326,2988532757
2004,Sillaginidae,24527,2988532757
2004,Sphyraena barracuda,3265,2988532757
2004,Thunnus tonggol,172481,2988532757
2004,Tylosurus spp,14111,2988532757
2004,Upeneus spp,30070,2988532757
2005,Amblygaster sirm,887,2895989208
2005,Anadara granosa,37024,2895989208
2005,Auxis rochei,8,2895989208
2005,Auxis thazard,87178,2895989208
2005,Caesionidae,57892,2895989208
2005,Caranx spp,37664,2895989208
2005,Cephalopholis boenak,18216,2895989208
2005,Chirocentrus spp,27529,2895989208
2005,Decapterus spp,538666,2895989208
2005,Dussumieria acuta,33822,2895989208
2005,Elagatis bipinnulata,13526,2895989208
2005,Lactarius lactarius,2345,2895989208
2005,Megalaspis cordyla,10509,2895989208
2005,Mene maculata,14615,2895989208
2005,Metapenaeus spp,40383,2895989208
2005,Pampus argenteus,29794,2895989208
2005,Parastromateus niger,46729,2895989208
2005,Plectropomus leopardus,7780,2895989208
2005,Portunus pelagicus,71959,2895989208
2005,Scomberoides spp,18724,2895989208
2005,Scomberomorus commerson,118998,2895989208
2005,Scomberomorus spp,30128,2895989208
2005,Scylla serrata,17933,2895989208
2005,Selaroides leptolepis,129937,2895989208
2005,Siganus spp,29273,2895989208
2005,Sillaginidae,26982,2895989208
2005,Sphyraena barracuda,3498,2895989208
2005,Thunnus tonggol,191726,2895989208
2005,Tylosurus spp,12802,2895989208
2005,Upeneus spp,29809,2895989208
2006,Amblygaster sirm,12069,3924473756
2006,Anadara granosa,30813,3924473756
2006,Auxis rochei,14,3924473756
2006,Auxis thazard,80840,3924473756
2006,Caesionidae,55759,3924473756
2006,Caranx spp,33176,3924473756
2006,Cephalopholis boenak,25593,3924473756
2006,Chirocentrus spp,17256,3924473756
2006,Decapterus spp,523818,3924473756
2006,Dussumieria acuta,29348,3924473756
2006,Elagatis bipinnulata,12616,3924473756
2006,Lactarius lactarius,6721,3924473756
2006,Megalaspis cordyla,6800,3924473756
2006,Mene maculata,14948,3924473756
2006,Metapenaeus spp,34126,3924473756
2006,Pampus argenteus,33591,3924473756
2006,Parastromateus niger,54572,3924473756
2006,Plectropomus leopardus,4634,3924473756
2006,Portunus pelagicus,81356,3924473756
2006,Scomberoides spp,21033,3924473756
2006,Scomberomorus commerson,105030,3924473756
2006,Scomberomorus spp,28684,3924473756
2006,Scylla serrata,25329,3924473756
2006,Selaroides leptolepis,128066,3924473756
2006,Siganus spp,40154,3924473756
2006,Sillaginidae,27207,3924473756
2006,Sphyraena barracuda,9159,3924473756
2006,Thunnus tonggol,156376,3924473756
2006,Tylosurus spp,16295,3924473756
2006,Upeneus spp,36854,3924473756
2007,Amblygaster sirm,8888,3607819678
2007,Anadara granosa,35335,3607819678
2007,Auxis rochei,361,3607819678
2007,Auxis thazard,91103,3607819678
2007,Caesionidae,77344,3607819678
2007,Caranx spp,34433,3607819678
2007,Cephalopholis boenak,29635,3607819678
2007,Chirocentrus spp,21901,3607819678
2007,Decapterus spp,582521,3607819678
2007,Dussumieria acuta,30414,3607819678
2007,Elagatis bipinnulata,12320,3607819678
2007,Lactarius lactarius,2380,3607819678
2007,Megalaspis cordyla,5686,3607819678
2007,Mene maculata,16409,3607819678
2007,Metapenaeus spp,34395,3607819678
2007,Pampus argenteus,39999,3607819678
2007,Parastromateus niger,51942,3607819678
2007,Plectropomus leopardus,5134,3607819678
2007,Portunus pelagicus,78869,3607819678
2007,Scomberoides spp,22922,3607819678
2007,Scomberomorus commerson,114341,3607819678
2007,Scomberomorus spp,25842,3607819678
2007,Scylla serrata,24309,3607819678
2007,Selaroides leptolepis,127530,3607819678
2007,Siganus spp,47471,3607819678
2007,Sillaginidae,27361,3607819678
2007,Sphyraena barracuda,4907,3607819678
2007,Thunnus tonggol,189962,3607819678
2007,Tylosurus spp,16767,3607819678
2007,Upeneus spp,31304,3607819678
2008,Amblygaster sirm,4792,4065003525
2008,Anadara granosa,20997,4065003525
2008,Auxis rochei,582,4065003525
2008,Auxis thazard,79763,4065003525
2008,Caesionidae,77765,4065003525
2008,Caranx spp,47523,4065003525
2008,Cephalopholis boenak,20053,4065003525
2008,Chirocentrus spp,17333,4065003525
2008,Decapterus spp,575696,4065003525
2008,Dussumieria acuta,27201,4065003525
2008,Elagatis bipinnulata,13578,4065003525
2008,Lactarius lactarius,11155,4065003525
2008,Megalaspis cordyla,6086,4065003525
2008,Mene maculata,17633,4065003525
2008,Metapenaeus spp,35243,4065003525
2008,Pampus argenteus,33154,4065003525
2008,Parastromateus niger,45641,4065003525
2008,Plectropomus leopardus,7623,4065003525
2008,Portunus pelagicus,88358,4065003525
2008,Scomberoides spp,19054,4065003525
2008,Scomberomorus commerson,122601,4065003525
2008,Scomberomorus spp,18066,4065003525
2008,Scylla serrata,25017,4065003525
2008,Selaroides leptolepis,159025,4065003525
2008,Siganus spp,47081,4065003525
2008,Sillaginidae,20593,4065003525
2008,Sphyraena barracuda,8249,4065003525
2008,Thunnus tonggol,153126,4065003525
2008,Tylosurus spp,13359,4065003525
2008,Upeneus spp,48848,4065003525
2009,Amblygaster sirm,3668,4730384758
2009,Anadara granosa,27135,4730384758
2009,Auxis rochei,460,4730384758
2009,Auxis thazard,97700,4730384758
2009,Caesionidae,88645,4730384758
2009,Caranx spp,46319,4730384758
2009,Cephalopholis boenak,27557,4730384758
2009,Chirocentrus spp,14126,4730384758
2009,Decapterus spp,527057,4730384758
2009,Dussumieria acuta,26992,4730384758
2009,Elagatis bipinnulata,13505,4730384758
2009,Lactarius lactarius,20588,4730384758
2009,Megalaspis cordyla,8410,4730384758
2009,Mene maculata,16775,4730384758
2009,Metapenaeus spp,42368,4730384758
2009,Pampus argenteus,33113,4730384758
2009,Parastromateus niger,45686,4730384758
2009,Plectropomus leopardus,12740,4730384758
2009,Portunus pelagicus,79750,4730384758
2009,Scomberoides spp,19135,4730384758
2009,Scomberomorus commerson,116779,4730384758
2009,Scomberomorus spp,16079,4730384758
2009,Scylla serrata,26800,4730384758
2009,Selaroides leptolepis,161276,4730384758
2009,Siganus spp,54819,4730384758
2009,Sillaginidae,19528,4730384758
2009,Sphyraena barracuda,7418,4730384758
2009,Thunnus tonggol,106598,4730384758
2009,Tylosurus spp,15095,4730384758
2009,Upeneus spp,36443,4730384758
2010,Amblygaster sirm,3690,4078796701
2010,Anadara granosa,28651,4078796701
2010,Auxis rochei,191,4078796701
2010,Auxis thazard,80844,4078796701
2010,Caesionidae,84244,4078796701
2010,Caranx spp,47744,4078796701
2010,Cephalopholis boenak,33785,4078796701
2010,Chirocentrus spp,15777,4078796701
2010,Decapterus spp,578527,4078796701
2010,Dussumieria acuta,27626,4078796701
2010,Elagatis bipinnulata,16974.139,4078796701
2010,Lactarius lactarius,26074,4078796701
2010,Megalaspis cordyla,9072.154,4078796701
2010,Mene maculata,17326,4078796701
2010,Metapenaeus spp,38617,4078796701
2010,Pampus argenteus,35669,4078796701
2010,Parastromateus niger,54574,4078796701
2010,Plectropomus leopardus,8308,4078796701
2010,Portunus pelagicus,82511,4078796701
2010,Scomberoides spp,20827,4078796701
2010,Scomberomorus commerson,137074,4078796701
2010,Scomberomorus spp,21047,4078796701
2010,Scylla serrata,29016,4078796701
2010,Selaroides leptolepis,173840.592,4078796701
2010,Siganus spp,45469,4078796701
2010,Sillaginidae,18425,4078796701
2010,Sphyraena barracuda,5061,4078796701
2010,Thunnus tonggol,115439,4078796701
2010,Tylosurus spp,17483,4078796701
2010,Upeneus spp,54899,4078796701
2011,Amblygaster sirm,5968,4935368133
2011,Anadara granosa,22395,4935368133
2011,Auxis rochei,1231,4935368133
2011,Auxis thazard,79475,4935368133
2011,Caesionidae,90104,4935368133
2011,Caranx spp,60556,4935368133
2011,Cephalopholis boenak,28726,4935368133
2011,Chirocentrus spp,16009,4935368133
2011,Decapterus spp,569901,4935368133
2011,Dussumieria acuta,22850,4935368133
2011,Elagatis bipinnulata,19673.672,4935368133
2011,Lactarius lactarius,26451,4935368133
2011,Megalaspis cordyla,8717.311,4935368133
2011,Mene maculata,17243,4935368133
2011,Metapenaeus spp,42299,4935368133
2011,Pampus argenteus,28078,4935368133
2011,Parastromateus niger,44902,4935368133
2011,Plectropomus leopardus,12172,4935368133
2011,Portunus pelagicus,84087,4935368133
2011,Scomberoides spp,20314,4935368133
2011,Scomberomorus commerson,125451,4935368133
2011,Scomberomorus spp,18343,4935368133
2011,Scylla serrata,30415,4935368133
2011,Selaroides leptolepis,175857.279,4935368133
2011,Siganus spp,45200,4935368133
2011,Sillaginidae,18981,4935368133
2011,Sphyraena barracuda,6447,4935368133
2011,Thunnus tonggol,98712,4935368133
2011,Tylosurus spp,15565,4935368133
2011,Upeneus spp,63131,4935368133
2012,Amblygaster sirm,35708,5320013628
2012,Anadara granosa,27041,5320013628
2012,Auxis rochei,2591,5320013628
2012,Auxis thazard,87845.34,5320013628
2012,Caesionidae,85442,5320013628
2012,Caranx spp,60525,5320013628
2012,Cephalopholis boenak,31929,5320013628
2012,Chirocentrus spp,14437,5320013628
2012,Decapterus spp,584619,5320013628
2012,Dussumieria acuta,28601,5320013628
2012,Elagatis bipinnulata,14366.824,5320013628
2012,Lactarius lactarius,21121,5320013628
2012,Megalaspis cordyla,9607.052,5320013628
2012,Mene maculata,16352,5320013628
2012,Metapenaeus spp,38958,5320013628
2012,Pampus argenteus,25443,5320013628
2012,Parastromateus niger,44015,5320013628
2012,Plectropomus leopardus,18855,5320013628
2012,Portunus pelagicus,85092,5320013628
2012,Scomberoides spp,19613,5320013628
2012,Scomberomorus commerson,128704,5320013628
2012,Scomberomorus spp,16267,5320013628
2012,Scylla serrata,25029,5320013628
2012,Selaroides leptolepis,172678.716,5320013628
2012,Siganus spp,53906,5320013628
2012,Sillaginidae,17925,5320013628
2012,Sphyraena barracuda,4746,5320013628
2012,Thunnus tonggol,83574,5320013628
2012,Tylosurus spp,15771,5320013628
2012,Upeneus spp,65664,5320013628
2013,Amblygaster sirm,34945,4061964689
2013,Anadara granosa,25408,4061964689
2013,Auxis rochei,9105,4061964689
2013,Auxis thazard,120668.54,4061964689
2013,Caesionidae,94468,4061964689
2013,Caranx spp,67050,4061964689
2013,Cephalopholis boenak,39081,4061964689
2013,Chirocentrus spp,13344,4061964689
2013,Decapterus spp,567374,4061964689
2013,Dussumieria acuta,34511,4061964689
2013,Elagatis bipinnulata,14426.856,4061964689
2013,Lactarius lactarius,20446,4061964689
2013,Megalaspis cordyla,9752.291,4061964689
2013,Mene maculata,17206,4061964689
2013,Metapenaeus spp,39924,4061964689
2013,Pampus argenteus,25282,4061964689
2013,Parastromateus niger,49430,4061964689
2013,Plectropomus leopardus,18031.07,4061964689
2013,Portunus pelagicus,84401.49,4061964689
2013,Scomberoides spp,26493,4061964689
2013,Scomberomorus commerson,136761.23,4061964689
2013,Scomberomorus spp,17064,4061964689
2013,Scylla serrata,23260,4061964689
2013,Selaroides leptolepis,192194.885,4061964689
2013,Siganus spp,58830,4061964689
2013,Sillaginidae,17579.91,4061964689
2013,Sphyraena barracuda,7263,4061964689
2013,Thunnus tonggol,79052.47,4061964689
2013,Tylosurus spp,12067,4061964689
2013,Upeneus spp,69483,4061964689
2014,Amblygaster sirm,34916,4991809901
2014,Anadara granosa,28309,4991809901
2014,Auxis rochei,17071,4991809901
2014,Auxis thazard,158723.9,4991809901
2014,Caesionidae,99350,4991809901
2014,Caranx spp,77145,4991809901
2014,Cephalopholis boenak,36030,4991809901
2014,Chirocentrus spp,13368,4991809901
2014,Decapterus spp,585051,4991809901
2014,Dussumieria acuta,31016,4991809901
2014,Elagatis bipinnulata,15914.495,4991809901
2014,Lactarius lactarius,22412,4991809901
2014,Megalaspis cordyla,10801.689,4991809901
2014,Mene maculata,14466,4991809901
2014,Metapenaeus spp,38637,4991809901
2014,Pampus argenteus,28341,4991809901
2014,Parastromateus niger,52048,4991809901
2014,Plectropomus leopardus,24392.59,4991809901
2014,Portunus pelagicus,84697.01,4991809901
2014,Scomberoides spp,20862,4991809901
2014,Scomberomorus commerson,151026.51,4991809901
2014,Scomberomorus spp,16679,4991809901
2014,Scylla serrata,23779,4991809901
2014,Selaroides leptolepis,177215.821,4991809901
2014,Siganus spp,63208,4991809901
2014,Sillaginidae,15295.44,4991809901
2014,Sphyraena barracuda,9084.07,4991809901
2014,Thunnus tonggol,65214.03,4991809901
2014,Tylosurus spp,13119,4991809901
2014,Upeneus spp,63458,4991809901
2015,Amblygaster sirm,22374,5365478125
2015,Anadara granosa,20608,5365478125
2015,Auxis rochei,22814,5365478125
2015,Auxis thazard,135503.4,5365478125
2015,Caesionidae,95561,5365478125
2015,Caranx spp,93551,5365478125
2015,Cephalopholis boenak,50328,5365478125
2015,Chirocentrus spp,20810,5365478125
2015,Decapterus spp,259547,5365478125
2015,Dussumieria acuta,29851,5365478125
2015,Elagatis bipinnulata,13695.105,5365478125
2015,Lactarius lactarius,15857,5365478125
2015,Megalaspis cordyla,10168.153,5365478125
2015,Mene maculata,12195,5365478125
2015,Metapenaeus spp,38151,5365478125
2015,Pampus argenteus,24816,5365478125
2015,Parastromateus niger,46717,5365478125
2015,Plectropomus leopardus,33555.08,5365478125
2015,Portunus pelagicus,107300.47,5365478125
2015,Scomberoides spp,19238,5365478125
2015,Scomberomorus commerson,111492.87,5365478125
2015,Scomberomorus spp,17147,5365478125
2015,Scylla serrata,20750,5365478125
2015,Selaroides leptolepis,185493.154,5365478125
2015,Siganus spp,70710,5365478125
2015,Sillaginidae,15444,5365478125
2015,Sphyraena barracuda,12381,5365478125
2015,Thunnus tonggol,89891.96,5365478125
2015,Tylosurus spp,19299,5365478125
2015,Upeneus spp,58761,5365478125
2016,Amblygaster sirm,37378,NA
2016,Anadara granosa,19030.24,NA
2016,Auxis rochei,26990.36,NA
2016,Auxis thazard,107406.16,NA
2016,Caesionidae,91621.005,NA
2016,Caranx spp,94773,NA
2016,Cephalopholis boenak,50076,NA
2016,Chirocentrus spp,10220,NA
2016,Decapterus spp,269803,NA
2016,Dussumieria acuta,43719,NA
2016,Elagatis bipinnulata,14242.99,NA
2016,Lactarius lactarius,13962,NA
2016,Megalaspis cordyla,12158.388,NA
2016,Mene maculata,13809,NA
2016,Metapenaeus spp,65618.07,NA
2016,Pampus argenteus,27742.07,NA
2016,Parastromateus niger,46532.51,NA
2016,Plectropomus leopardus,37029.928,NA
2016,Portunus pelagicus,134537.499,NA
2016,Scomberoides spp,22737,NA
2016,Scomberomorus commerson,113428.906,NA
2016,Scomberomorus spp,16714,NA
2016,Scylla serrata,24224.64,NA
2016,Selaroides leptolepis,178648.282,NA
2016,Siganus spp,71924,NA
2016,Sillaginidae,14576.807,NA
2016,Sphyraena barracuda,20000.008,NA
2016,Thunnus tonggol,97558.302,NA
2016,Tylosurus spp,21237,NA
2016,Upeneus spp,66350,NA
2017,Amblygaster sirm,7527.141,NA
2017,Anadara granosa,50004.099,NA
2017,Auxis rochei,13800.765,NA
2017,Auxis thazard,12163.594,NA
2017,Caesionidae,58213.993,NA
2017,Caranx spp,72107.173,NA
2017,Cephalopholis boenak,9886.479,NA
2017,Chirocentrus spp,15957.055,NA
2017,Decapterus spp,431500.377,NA
2017,Dussumieria acuta,17493.938,NA
2017,Elagatis bipinnulata,8359.335,NA
2017,Lactarius lactarius,10221.81,NA
2017,Megalaspis cordyla,7558.933,NA
2017,Mene maculata,11482,NA
2017,Metapenaeus spp,31577.882,NA
2017,Pampus argenteus,25391.723,NA
2017,Parastromateus niger,63780.887,NA
2017,Plectropomus leopardus,39058.016,NA
2017,Portunus pelagicus,296010.428,NA
2017,Scomberoides spp,19007.157,NA
2017,Scomberomorus commerson,198532.845,NA
2017,Scomberomorus spp,15922,NA
2017,Scylla serrata,26947.178,NA
2017,Selaroides leptolepis,168122.671,NA
2017,Siganus spp,117537.825,NA
2017,Sillaginidae,12966.143,NA
2017,Sphyraena barracuda,47842.57,NA
2017,Thunnus tonggol,136713.428,NA
2017,Tylosurus spp,12707.228,NA
2017,Upeneus spp,52573.09,NA
2018,Amblygaster sirm,10000,NA
2018,Anadara granosa,43516.432,NA
2018,Auxis rochei,4521.065,NA
2018,Auxis thazard,43007.82,NA
2018,Caesionidae,102406.471,NA
2018,Caranx spp,96012.466,NA
2018,Cephalopholis boenak,5000,NA
2018,Chirocentrus spp,13258.806,NA
2018,Decapterus spp,529516.118,NA
2018,Dussumieria acuta,14726.417,NA
2018,Elagatis bipinnulata,10494.945,NA
2018,Lactarius lactarius,607.644,NA
2018,Megalaspis cordyla,7948.366,NA
2018,Mene maculata,10541.1,NA
2018,Metapenaeus spp,115690.189,NA
2018,Pampus argenteus,50325.564,NA
2018,Parastromateus niger,116844.831,NA
2018,Plectropomus leopardus,38215.383,NA
2018,Portunus pelagicus,182299.682,NA
2018,Scomberoides spp,25618.58,NA
2018,Scomberomorus commerson,134258.592,NA
2018,Scomberomorus spp,21160.31,NA
2018,Scylla serrata,10136.585,NA
2018,Selaroides leptolepis,179719.786,NA
2018,Siganus spp,101830.038,NA
2018,Sillaginidae,14389.15,NA
2018,Sphyraena barracuda,24438.498,NA
2018,Thunnus tonggol,203914.121,NA
2018,Tylosurus spp,26879.632,NA
2018,Upeneus spp,94942.785,NA
2019,Amblygaster sirm,18454.74,NA
2019,Anadara granosa,72068.663,NA
2019,Auxis rochei,8136.924,NA
2019,Auxis thazard,123280.54,NA
2019,Caesionidae,51534.24,NA
2019,Caranx spp,111571.382,NA
2019,Cephalopholis boenak,1809.936,NA
2019,Chirocentrus spp,16776.599,NA
2019,Decapterus spp,560224.586,NA
2019,Dussumieria acuta,15921.447,NA
2019,Elagatis bipinnulata,16634.506,NA
2019,Lactarius lactarius,712.964,NA
2019,Megalaspis cordyla,7058.046,NA
2019,Mene maculata,11022.8,NA
2019,Metapenaeus spp,71446.097,NA
2019,Pampus argenteus,65664.898,NA
2019,Parastromateus niger,56649.022,NA
2019,Plectropomus leopardus,6431.198,NA
2019,Portunus pelagicus,167733.582,NA
2019,Scomberoides spp,25484.3,NA
2019,Scomberomorus commerson,150178.962,NA
2019,Scomberomorus spp,18149.233,NA
2019,Scylla serrata,15426.39,NA
2019,Selaroides leptolepis,196903.782,NA
2019,Siganus spp,112661.252,NA
2019,Sillaginidae,18171.416,NA
2019,Sphyraena barracuda,7018.647,NA
2019,Thunnus tonggol,158035.732,NA
2019,Tylosurus spp,21941.057,NA
2019,Upeneus spp,25925.699,NA
2020,Amblygaster sirm,21215.433,NA
2020,Anadara granosa,48552.094,NA
2020,Auxis rochei,5530.269,NA
2020,Auxis thazard,129135.866,NA
2020,Caesionidae,49969.427,NA
2020,Caranx spp,140737.693,NA
2020,Cephalopholis boenak,90.085,NA
2020,Chirocentrus spp,14917.623,NA
2020,Decapterus spp,657290.932,NA
2020,Dussumieria acuta,21359.426,NA
2020,Elagatis bipinnulata,12200.462,NA
2020,Lactarius lactarius,474.749,NA
2020,Megalaspis cordyla,6880.312,NA
2020,Mene maculata,10553.71,NA
2020,Metapenaeus spp,83890.378,NA
2020,Pampus argenteus,40902.73,NA
2020,Parastromateus niger,60521.501,NA
2020,Plectropomus leopardus,10589.734,NA
2020,Portunus pelagicus,145610.335,NA
2020,Scomberoides spp,28006.221,NA
2020,Scomberomorus commerson,152405.358,NA
2020,Scomberomorus spp,16530.94,NA
2020,Scylla serrata,6415.023,NA
2020,Selaroides leptolepis,189009.125,NA
2020,Siganus spp,95063.551,NA
2020,Sillaginidae,15161.993,NA
2020,Sphyraena barracuda,7061.704,NA
2020,Thunnus tonggol,173972.338,NA
2020,Tylosurus spp,20749.326,NA
2020,Upeneus spp,45805.532,NA
2021,Amblygaster sirm,50771.109,NA
2021,Anadara granosa,46827.036,NA
2021,Auxis rochei,6798.927,NA
2021,Auxis thazard,109325.714,NA
2021,Caesionidae,48608.277,NA
2021,Caranx spp,132387.872,NA
2021,Cephalopholis boenak,6274.32,NA
2021,Chirocentrus spp,15822.969,NA
2021,Decapterus spp,624383.998,NA
2021,Dussumieria acuta,17072.762,NA
2021,Elagatis bipinnulata,11926.051,NA
2021,Lactarius lactarius,385.73,NA
2021,Megalaspis cordyla,7173.93,NA
2021,Mene maculata,8435.986,NA
2021,Metapenaeus spp,103478.643,NA
2021,Pampus argenteus,46453.918,NA
2021,Parastromateus niger,61201.778,NA
2021,Plectropomus leopardus,10883.427,NA
2021,Portunus pelagicus,145069.735,NA
2021,Scomberoides spp,33605.255,NA
2021,Scomberomorus commerson,166065.649,NA
2021,Scomberomorus spp,16232.518,NA
2021,Scylla serrata,7714.056,NA
2021,Selaroides leptolepis,188381.986,NA
2021,Siganus spp,100421.762,NA
2021,Sillaginidae,12718.577,NA
2021,Sphyraena barracuda,11913.473,NA
2021,Thunnus tonggol,229539.254,NA
2021,Tylosurus spp,20213.579,NA
2021,Upeneus spp,46899.885,NA
